가,伽,佳,假,價,加,可,呵,哥,嘉,嫁,家,暇,架,枷,柯,歌,珂,痂,稼,苛,茄,街,袈,訶,跏,軻,迦,駕
각,刻,却,各,咯,恪,慤,殼,珏,脚,覺,角,閣
간,간,刊,墾,奸,姦,干,幹,懇,揀,杆,柬,桿,澗,癎,看,磵,稈,竿,簡,肝,艮,艱,諫,間
갈,乫,喝,曷,渴,碣,竭,葛,蝎,褐,鞨
감,勘,坎,堪,嵌,感,憾,戡,撼,敢,柑,橄,減,甘,疳,監,瞰,紺,邯,鑑,鑒,龕
갑,匣,岬,甲,胛,鉀,閘
강,剛,堈,姜,岡,崗,康,强,彊,慷,江,畺,疆,糠,絳,綱,羌,腔,舡,薑,襁,講,鋼,降,鱇

거,倨,去,居,巨,拒,据,據,渠,擧,炬,祛,距,踞,遽,醵,鉅,鋸
걱,巪
건,乾,件,健,巾,建,愆,楗,腱,虔,蹇,鍵,騫
걸,乞,傑,杰,桀
검,儉,劍,劒,檢,瞼,鈐,黔
겁,劫,怯,迲
겅,

겨
격,擊,格,檄,激,膈,覡,隔
견,堅,牽,犬,甄,絹,繭,肩,見,譴,遣,鵑,
결,抉,決,潔,結,缺,訣
겸,兼,慊,箝,謙,鉗,鎌
겹
경,京,俓,倞,傾,儆,勁,勍,卿,坰,境,庚,徑,慶,憬,擎,敬,景,暻,更,梗,涇,炅,烱,璟,璥,瓊,痙,硬,磬,竟,競,絅,經,耕,耿,脛,莖,警,輕,逕,鏡,頃,頸,驚,鯨

고,古,叩,告,呱,固,姑,孤,尻,庫,拷,攷,故,敲,暠,枯,槁,沽,痼,皐,睾,稿,羔,考,股,膏,苦,苽,菰,藁,蠱,袴,詁,誥,賈,辜,錮,雇,顧,高,鼓
곡,哭,斛,曲,梏,穀,谷,鵠
곤,困,坤,崑,昆,梱,棍,滾,琨,袞,鯤
골,汨,骨
곰
곱
공,供,公,共,功,孔,工,恐,恭,拱,控,攻,珙,空,蚣,貢,鞏

교,交,僑,咬,喬,嬌,嶠,巧,攪,敎,校,橋,狡,皎,矯,絞,翹,膠,蕎,蛟,較,轎,郊,餃,驕,鮫
굑
굔
굘
굠
굡
굥

구,丘,久,九,仇,俱,具,勾,區,口,句,咎,嘔,坵,垢,寇,嶇,廐,懼,拘,救,晷,枸,柩,構,歐,毆,毬,求,溝,灸,狗,玖,球,瞿,矩,究,絿,耉,臼,舅,舊,苟,衢,謳,購,軀,逑,邱,鉤,銶,駒,驅,鳩,鷗,龜
국,國,局,菊,鞠,鞫,麴
군,君,窘,群,裙,軍,郡
굴,堀,屈,掘,窟
굼
굽
궁,宮,弓,穹,窮,芎,躬

규,叫,圭,奎,揆,槻,珪,硅,畦,窺,竅,糾,葵,規,赳,逵,閨
균,勻,均,畇,筠,菌,鈞
귤,橘
귬
귭
귱

그
극,克,剋,劇,戟,棘,極,隙
근,僅,劤,勤,懃,斤,根,槿,瑾,筋,芹,菫,覲,謹,近,饉
글
금,今,妗,擒,昑,檎 琴 禁 禽 芩 衾 衿 襟 金 錦
급,伋 及 急 扱 汲 級 給  
긍,亘,兢 矜 肯 

기,企 伎 其 冀 嗜 器 圻 基 埼 夔 奇 妓 寄 岐 崎 己 幾 忌 技 旗 旣 朞 期 杞 棋 棄 機 欺 氣 汽 沂 淇 玘 琦 琪 璂 璣 畸 畿 碁 磯 祁 祇 祈 祺 箕 紀 綺 羈 耆 耭 肌 記 譏 豈 起 錡 錤 飢 饑 騎 騏 驥 麒 

끽,喫
긱
긴,緊
길,佶 吉 拮 桔
김
깁
깅

개,介 价 個 凱 塏 愷 愾 慨 改 槪 漑 疥 皆 盖 箇 芥 蓋 鎧 開 喀 客 坑 粳 羹 偈 揭 係 啓 堺 契 季 屆 憩 悸 戒 桂 械 棨 溪 界 癸 磎 稽 系 繫 繼 計 誡 谿 階 鷄 乖 傀 塊 壞 怪 愧 拐 槐 蒯 魁 宏 紘 肱 轟 歸 貴 鬼 寡 戈 果 瓜 科 菓 誇 課 跨 過 鍋 顆 廓 槨 藿 郭 串 冠 官 寬 慣 棺 款 灌 琯 瓘 管 罐 菅 觀 貫 關 館 刮 恝 括 适 侊 光 匡 壙 廣 曠 洸 炚 狂 珖 筐 胱 鑛 倦 券 勸 卷 圈 拳 捲 權 淃 眷 厥 獗 蕨 蹶 闕 卦 掛 罫 几 机 櫃 潰 詭 軌 饋 儺 娜 懦 拏 拿 那 諾 暖 煖 難 捏 捺 涅 南 娚 枏 楠 湳 男 納 衲 囊 女 年 秊 念 恬 捻 寧 寗 獰 努 奴 弩 怒 瑙 駑 濃 膿 農 尿 鬧 嫩 訥 杻 紐 能 尼 泥 匿 溺 乃 內 奈 柰 耐 惱 腦 多 茶 丹 亶 但 單 團 壇 彖 斷 旦 檀 段 湍 短 端 簞 緞 蛋 袒 鄲 鍛 撻 澾 橽 獺 疸 達 啖 坍 憺 擔 曇 淡 湛 潭 澹 痰 聃 膽 蕁 覃 談 譚 錟 沓 畓 答 踏 遝 唐 堂 塘 幢 戇 撞 棠 當 糖 螳 黨 德 悳 倒 兜 刀 到 圖 堵 塗 導 屠 島 嶋 度 徒 悼 挑 掉 搗 桃 棹 櫂 淘 渡 滔 濤 燾 盜 睹 禱 稻 萄 覩 賭 跳 蹈 逃 途 道 都 鍍 陶 韜 毒 瀆 牘 犢 獨 督 禿 篤 纛 讀 墩 惇 敦 旽 暾 沌 焞 燉 獤 豚 頓 乭 堗 突 仝 冬 凍 動 同 憧 東 桐 棟 洞 潼 疼 瞳 童 胴 董 銅 斗 杜 枓 痘 竇 荳 豆 逗 頭 屯 臀 芚 遁 遯 鈍 得 嶝 橙 燈 登 等 藤 謄 鄧 騰 代 垈 坮 大 對 岱 帶 待 戴 擡 玳 臺 袋 貸 隊 黛 喇 懶 癩 羅 蘿 螺 裸 邏 樂 洛 烙 珞 絡 落 酪 駱 亂 卵 欄 欒 瀾 爛 蘭 鸞 剌 辣 嵐 擥 攬 欖 濫 籃 纜 藍 襤 覽 拉 臘 蠟 鑞 娘 廊 朗 浪 狼 琅 瑯 螂 郞 掠 略 亮 倆 兩 凉 梁 樑 粮 粱 糧 良 諒 輛 量 侶 儷 勵 厲 呂 廬 慮 戾 旅 櫚 濾 礪 藜 蠣 閭 驢 驪 麗 黎 力 曆 歷 瀝 礫 靂 憐 戀 攣 漣 煉 璉 練 聯 蓮 輦 連 鍊 冽 列 劣 洌 烈 裂 廉 斂 殮 濂 簾 獵 令 伶 囹 岺 嶺 怜 玲 笭 羚 翎 聆 逞 鈴 零 靈 領 齡 勞 撈 擄 櫓 潞 瀘 爐 盧 老 蘆 虜 路 輅 露 魯 鷺 鹵 碌 祿 綠 菉 錄 鹿 麓 論 壟 弄 朧 瀧 瓏 籠 聾 了 僚 寮 廖 料 燎 療 瞭 聊 蓼 遼 龍 壘 婁 屢 樓 淚 漏 瘻 累 縷 蔞 褸 鏤 陋 劉 旒 柳 榴 流 溜 瀏 琉 瑠 留 瘤 硫 謬 類 六 戮 陸 侖 倫 崙 淪 綸 輪 律 慄 栗 隆 勒 肋 轢 凜 凌 楞 稜 綾 菱 陵 俚 利 厘 吏 唎 履 悧 李 梨 浬 犁 狸 理 璃 痢 籬 罹 羸 莉 裏 裡 里 釐 離 鯉 吝 潾 燐 璘 藺 躪 隣 鱗 麟 林 淋 琳 臨 霖 砬 立 笠 粒 來 崍 徠 萊 冷 例 澧 禮 醴 儡 瀨 牢 磊 賂 賚 賴 雷 摩 瑪 痲 碼 磨 馬 魔 麻 寞 幕 漠 膜 莫 邈 万 卍 娩 巒 彎 慢 挽 晩 曼 滿 漫 灣 瞞 萬 蔓 蠻 謾 輓 饅 鰻 唜 抹 末 沫 茉 襪 靺 亡 妄 忘 忙 望 網 罔 芒 茫 莽 輞 邙 冪 覓 免 冕 勉 棉 沔 眄 眠 綿 緬 面 麵 滅 蔑 冥 名 命 明 暝 椧 溟 皿 瞑 茗 蓂 螟 酩 銘 鳴 侮 冒 募 姆 帽 慕 摸 摹 暮 某 模 母 毛 牟 牡 瑁 眸 矛 耗 芼 茅 謀 謨 貌 木 沐 牧 目 睦 穆 鶩 歿 沒 夢 朦 蒙 卯 墓 妙 廟 描 昴 杳 渺 猫 畝 竗 苗 錨 務 巫 憮 懋 戊 拇 撫 无 楙 武 毋 無 珷 繆 舞 茂 蕪 誣 貿 霧 鵡 墨 默 們 刎 吻 問 文 汶 紊 紋 聞 蚊 門 雯 勿 物 味 媚 尾 嵋 彌 微 未 梶 楣 渼 湄 眉 米 美 薇 謎 迷 靡 黴 岷 悶 愍 憫 敏 旻 旼 民 泯 玟 珉 緡 閔 密 蜜 謐 埋 妹 媒 寐 昧 枚 梅 每 沕 煤 罵 買 賣 邁 魅 脈 貊 陌 驀 麥 孟 氓 猛 盟 盲 萌 袂 剝 博 拍 搏 撲 朴 樸 泊 珀 璞 箔 粕 縛 膊 舶 薄 迫 雹 駁 伴 半 反 叛 拌 搬 攀 斑 槃 泮 潘 班 畔 瘢 盤 盼 磐 磻 礬 絆 般 蟠 返 頒 飯 勃 拔 撥 渤 潑 發 跋 醱 鉢 髮 魃 倣 傍 坊 妨 尨 幇 彷 房 放 方 旁 昉 枋 榜 滂 磅 紡 肪 膀 舫 芳 蒡 蚌 訪 謗 邦 防 龐 幡 樊 煩 燔 番 繁 蕃 藩 飜 伐 筏 罰 閥 凡 帆 梵 氾 汎 泛 犯 範 范 法 琺 僻 劈 壁 擘 檗 璧 癖 碧 蘗 闢 霹 卞 弁 徧 變 辨 辯 邊 別 瞥 鱉 鼈 丙 倂 兵 屛 幷 昞 昺 柄 棅 炳 甁 病 秉 竝 輧 餠 騈 保 報 堡 寶 普 步 湺 潽 珤 甫 菩 補 褓 譜 輔 伏 僕 匐 卜 宓 復 服 洑 福 腹 茯 蔔 複 覆 輹 馥 鰒 本 乶 丰 俸 奉 封 峯 峰 捧 棒 烽 熢 琫 縫 蓬 蜂 逢 鋒 鳳 付 俯 傅 剖 副 否 咐 埠 夫 婦 孚 孵 富 府 扶 敷 斧 浮 溥 父 符 簿 缶 腐 腑 膚 艀 芙 莩 訃 負 賦 賻 赴 趺 部 釜 阜 附 駙 鳧 北 分 吩 噴 墳 奔 奮 忿 憤 扮 昐 汾 焚 盆 粉 糞 紛 芬 賁 雰 不 佛 弗 彿 拂 崩 朋 棚 硼 繃 鵬 丕 備 匕 匪 卑 妃 婢 庇 悲 憊 扉 批 斐 枇 榧 比 毖 毗 毘 沸 泌 琵 痺 砒 碑 秕 秘 粃 緋 翡 肥 脾 臂 菲 蜚 裨 誹 譬 費 鄙 非 飛 鼻 嚬 嬪 彬 斌 檳 殯 浜 濱 瀕 牝 玭 貧 賓 贇 頻 氷 憑 聘 馮 騁 倍 俳 培 徘 拜 排 杯 湃 焙 盃 背 胚 裴 裵 褙 賠 輩 配 陪 伯 佰 帛 柏 栢 白 百 魄 乍 事 些 仕 伺 似 使 俟 史 司 唆 嗣 四 士 奢 娑 寫 寺 射 巳 師 徙 思 捨 斜 斯 柶 査 梭 死 沙 泗 渣 瀉 獅 砂 社 祀 祠 私 篩 紗 絲 肆 舍 莎 蓑 蛇 裟 詞 詐 謝 賜 赦 辭 邪 飼 駟 麝 削 朔 傘 刪 山 散 汕 珊 産 疝 算 蒜 酸 霰 乷 撒 殺 煞 薩 三 杉 森 滲 芟 蔘 衫 揷 澁 霎 鈒 鍤 颯 上 傷 像 償 商 喪 嘗 孀 尙 峠 常 床 庠 廂 想 桑 橡 湘 爽 牀 狀 相 祥 箱 翔 裳 觴 詳 象 賞 霜 墅 壻 嶼 序 庶 徐 恕 抒 捿 敍 暑 曙 書 栖 棲 犀 瑞 筮 絮 緖 署 胥 舒 薯 西 誓 逝 鋤 黍 鼠 夕 奭 席 惜 昔 晳 析 汐 淅 潟 石 碩 蓆 釋 錫 仙 僊 先 善 嬋 宣 扇 敾 旋 渲 煽 琁 瑄 璇 璿 癬 禪 線 繕 羨 腺 膳 船 蘚 蟬 詵 跣 選 銑 鐥 饍 鮮 卨 屑 楔 泄 洩 渫 舌 薛 褻 設 說 雪 齧 剡 暹 殲 纖 蟾 贍 閃 陝 攝 涉 燮 城 姓 宬 性 惺 成 星 晟 猩 珹 盛 省 筬 聖 聲 腥 誠 醒 召 嘯 塑 宵 小 少 巢 所 掃 搔 昭 梳 沼 消 溯 瀟 炤 燒 甦 疏 疎 瘙 笑 篠 簫 素 紹 蔬 蕭 蘇 訴 逍 遡 邵 銷 韶 騷 俗 屬 束 涑 粟 續 謖 贖 速 孫 巽 損 蓀 遜 飡 率 宋 悚 松 淞 訟 誦 送 頌 修 受 售 嗽 囚 垂 壽 嫂 守 岫 峀 帥 愁 戍 手 授 搜 收 數 樹 殊 水 洙 漱 燧 狩 獸 琇 璲 瘦 睡 秀 穗 竪 粹 綏 綬 繡 羞 脩 茱 蒐 蓚 藪 袖 誰 讐 輸 遂 邃 酬 銖 銹 隋 隧 隨 雖 需 須 首 髓 鬚 叔 塾 夙 孰 宿 淑 潚 熟 琡 璹 肅 菽 巡 徇 循 恂 旬 栒 楯 橓 殉 洵 淳 珣 盾 瞬 筍 純 脣 舜 荀 蓴 蕣 詢 諄 醇 錞 順 馴 戌 術 述 鉥 崇 崧 嵩 瑟 膝 蝨 濕 拾 習 褶 襲 丞 乘 僧 勝 升 承 昇 繩 蠅 陞 侍 匙 嘶 始 媤 尸 屎 屍 市 弑 恃 施 是 時 杮 柴 猜 矢 示 翅 蒔 蓍 視 試 詩 諡 豕 豺 埴 寔 式 息 拭 植 殖 湜 熄 篒 識 軾 食 飾 蝕 伸 侁 信 呻 娠 宸 愼 新 晨 燼 申 神 紳 腎 臣 莘 薪 藎 蜃 訊 身 辛 迅 失 室 實 悉 審 尋 心 愖 沁 深 瀋 甚 芯 諶 什 十 僿 璽 賽 嗇 塞 穡 索 色 牲 生 甥 笙 世 勢 歲 洗 稅 笹 細 貰 衰 釗 刷 灑 碎 鎖 仔 刺 咨 姉 姿 子 字 孜 恣 慈 滋 炙 煮 玆 瓷 疵 磁 紫 者 自 茨 蔗 藉 諮 資 赭 雌 作 勺 嚼 斫 昨 灼 炸 爵 綽 芍 酌 雀 鵲 孱 棧 殘 潺 盞 岑 暫 潛 箴 簪 蠶 雜 丈 仗 匠 場 墻 壯 奬 將 帳 庄 張 掌 暲 杖 樟 檣 欌 漿 牆 獐 璋 章 粧 腸 臟 臧 莊 葬 蔣 薔 藏 裝 贓 醬 長 障 佇 低 儲 咀 姐 底 抵 杵 楮 樗 沮 渚 狙 猪 疽 箸 紵 苧 菹 著 藷 詛 貯 躇 這 邸 雎 齟 勣 吊 嫡 寂 摘 敵 滴 狄 的 磧 積 笛 籍 績 翟 荻 謫 賊 赤 跡 蹟 迪 迹 適 鏑 佃 佺 傳 全 典 前 剪 塡 塼 奠 專 展 廛 悛 戰 栓 殿 氈 澱 煎 琠 田 甸 畑 癲 筌 箋 箭 篆 纏 詮 輾 轉 鈿 銓 錢 鐫 電 顚 顫 餞 切 截 折 浙 癤 竊 節 絶 占 岾 店 拈 漸 点 粘 霑 鮎 點 接 摺 椄 蝶 丁 井 亭 停 偵 呈 姃 定 幀 庭 廷 征 情 挺 政 整 旌 晶 晸 柾 楨 檉 正 汀 淀 淨 渟 湞 瀞 炡 玎 珽 町 睛 碇 禎 程 穽 精 綎 艇 訂 諪 貞 鄭 酊 釘 鉦 鋌 錠 霆 靖 靜 頂 鼎 俎 兆 凋 助 嘲 弔 彫 措 操 早 晁 曺 曹 朝 條 棗 槽 漕 潮 照 燥 爪 璪 眺 祖 祚 租 稠 窕 粗 糟 組 繰 肇 藻 蚤 詔 調 趙 躁 造 遭 釣 阻 雕 鳥 族 簇 足 鏃 存 尊 卒 拙 猝 倧 宗 從 悰 慫 棕 淙 琮 種 終 綜 縱 腫 踪 踵 蹤 鍾 鐘 主 住 侏 做 姝 胄 呪 周 奏 宙 州 廚 晝 朱 柱 株 注 洲 湊 澍 炷 珠 疇 籌 紂 紬 綢 舟 蛛 註 誅 走 躊 輳 週 酎 酒 鑄 駐 竹 粥 俊 儁 准 埈 寯 峻 晙 樽 浚 準 濬 焌 㻐 畯 竣 蠢 逡 遵 雋 駿 茁 中 仲 衆 重 卽 櫛 楫 汁 葺 增 憎 拯 曾 烝 甑 症 繒 蒸 證 贈 之 只 咫 地 址 志 持 指 摯 支 旨 智 枝 枳 止 池 沚 漬 痣 知 砥 祉 祗 紙 肢 脂 至 芝 芷 蜘 誌 贄 趾 遲 直 稙 稷 織 職 唇 嗔 塵 振 搢 晉 晋 桭 榛 殄 津 溱 珍 瑨 璡 畛 疹 盡 眞 瞋 秦 縉 縝 臻 蔯 袗 診 賑 軫 辰 進 鎭 陣 陳 震 侄 叱 姪 嫉 帙 桎 瓆 疾 秩 窒 膣 蛭 質 跌 迭 朕 執 潗 緝 輯 鏶 集 徵 懲 澄 再 哉 在 宰 才 材 栽 梓 渽 滓 災 縡 裁 財 載 齋 齎 爭 箏 諍 錚 制 劑 啼 堤 帝 弟 悌 提 梯 濟 祭 第 臍 薺 製 諸 蹄 醍 除 際 霽 題 齊 罪 佐 坐 左 座 挫 且 借 叉 嗟 嵯 差 次 此 磋 箚 蹉 車 遮 釵 捉 搾 着 窄 錯 鑿 齪 撰 澯 燦 璨 瓚 竄 簒 纂 粲 纘 讚 贊 鑽 餐 饌 刹 察 擦 札 紮 僭 參 塹 嶄 慘 慙 懺 斬 站 讒 譖 讖 倉 倡 創 唱 娼 廠 彰 愴 敞 昌 昶 暢 槍 滄 漲 猖 瘡 窓 脹 艙 菖 蒼 凄 妻 悽 處 倜 剔 尺 慽 戚 拓 擲 斥 滌 瘠 脊 蹠 陟 隻 仟 千 喘 天 川 擅 泉 淺 玔 穿 舛 薦 賤 踐 遷 釧 闡 阡 韆 凸 哲 喆 徹 撤 澈 綴 輟 轍 鐵 僉 尖 沾 添 甛 瞻 簽 籤 詹 諂 堞 妾 帖 捷 牒 疊 睫 諜 貼 輒 廳 晴 淸 聽 菁 請 靑 鯖 初 剿 哨 憔 抄 招 梢 椒 楚 樵 炒 焦 硝 礁 礎 秒 稍 肖 艸 苕 草 蕉 貂 超 酢 醋 醮 促 嗾 囑 燭 矗 蜀 觸 寸 忖 村 邨 叢 塚 寵 悤 憁 摠 總 聰 蔥 銃 墜 抽 推 椎 楸 樞 湫 皺 秋 芻 萩 諏 趨 追 鄒 酋 醜 錐 錘 鎚 雛 騶 鰍 丑 畜 祝 竺 筑 築 縮 蓄 蹙 蹴 軸 逐 春 椿 瑃 出 朮 黜 充 忠 沖 蟲 衝 衷 仄 側 厠 惻 測 闖 層 侈 値 嗤 峙 幟 恥 梔 治 淄 熾 痔 痴 癡 稚 穉 緇 緻 置 致 蚩 輜 雉 馳 齒 則 勅 飭 親 七 柒 漆 侵 寢 斟 枕 沈 浸 琛 砧 針 鍼 蟄 秤 稱 債 埰 寀 寨 彩 採 砦 綵 菜 蔡 采 冊 柵 策 責 体 剃 替 涕 滯 締 諦 逮 遞 體 催 崔 最 取 吹 嘴 娶 就 炊 翠 聚 脆 膵 臭 趣 醉 驟 鷲 撮 悴 贅 萃 快 他 侘 咤 唾 墮 妥 惰 打 拖 朶 楕 橢 舵 陀 駝 倬 卓 啄 坼 托 擢 晫 柝 濁 濯 琢 琸 託 鐸 呑 嘆 坦 彈 憚 歎 灘 炭 綻 誕 奪 脫 探 眈 耽 貪 塔 搭 榻 宕 帑 湯 蕩 攄 兎 吐 土 討 慟 桶 痛 筒 筩 統 通 偸 套 妬 投 透 鬪 慝 特 兌 台 太 怠 態 殆 汰 泰 笞 胎 苔 跆 邰 颱 馱 宅 擇 澤 撑 堆 槌 腿 褪 退 頹 坡 婆 巴 把 播 擺 杷 波 派 爬 琶 破 罷 芭 跛 陂 頗 判 坂 板 版 瓣 販 辦 鈑 阪 八 叭 捌 愎 便 偏 扁 片 篇 編 翩 遍 鞭 騙 貶 坪 平 枰 萍 評 佈 包 匍 匏 咆 哺 圃 布 怖 抛 抱 捕 暴 曝 泡 浦 疱 砲 胞 脯 苞 葡 蒲 袍 褒 逋 鋪 飽 鮑 幅 瀑 爆 輻 俵 剽 彪 慓 杓 標 漂 瓢 票 表 豹 飄 飇 驃 品 稟 楓 諷 豊 風 彼 披 疲 皮 被 避 匹 弼 必 珌 畢 疋 筆 苾 馝 乏 逼 佩 唄 悖 敗 沛 浿 牌 狽 稗 貝 覇 彭 澎 烹 膨 吠 嬖 幣 廢 弊 斃 肺 蔽 閉 陛 下 何 厦 夏 廈 昰 河 瑕 荷 蝦 賀 遐 霞 鰕 壑 學 瘧 虐 謔 鶴 寒 恨 悍 旱 汗 漢 澣 瀚 罕 翰 閒 閑 限 韓 割 轄 函 含 咸 啣 喊 晗 檻 涵 緘 艦 銜 陷 鹹 合 哈 盒 蛤 閤 闔 亢 伉 姮 嫦 巷 恒 抗 杭 桁 沆 港 缸 肛 航 項 享 向 嚮 珦 鄕 響 餉 饗 香 噓 墟 虛 許 憲 櫶 獻 軒 歇 險 驗 奕 爀 赫 革 俔 峴 弦 懸 晛 泫 炫 玹 現 玄 眩 睍 絃 絢 縣 舷 衒 賢 鉉 顯 孑 穴 血 頁 嫌 俠 協 夾 峽 挾 浹 狹 脅 脇 莢 鋏 陜 頰 亨 兄 刑 型 形 泂 滎 瀅 灐 炯 熒 珩 荊 螢 衡 逈 邢 鎣 馨 乎 互 呼 壕 壺 好 岵 弧 戶 扈 昊 晧 毫 浩 淏 湖 滸 澔 濠 濩 灝 狐 琥 瑚 瓠 皓 祜 糊 縞 胡 芦 葫 蒿 虎 號 蝴 護 豪 鎬 頀 顥 惑 或 酷 婚 昏 混 渾 琿 魂 忽 惚 笏 哄 弘 汞 泓 洪 烘 紅 虹 訌 鴻 哮 嚆 孝 效 斅 曉 梟 涍 淆 爻 肴 酵 驍 侯 候 厚 后 吼 喉 嗅 帿 後 朽 煦 珝 逅 鬍 勛 勳 塤 壎 焄 暈 熏 燻 薰 訓 薨 休 携 烋 虧 恤 譎 鷸 兇 凶 匈 洶 胸 黑 昕 欣 炘 痕 吃 屹 紇 訖 欠 欽 歆 吸 恰 洽 翕 興 詰 亥 偕 咳 垓 奚 孩 害 懈 楷 海 瀣 蟹 解 該 諧 邂 駭 骸 劾 核 倖 幸 杏 荇 行 兮 彗 惠 慧 暳 蕙 蹊 醯 鞋 匯 回 廻 徊 恢 悔 懷 晦 會 檜 淮 澮 灰 獪 繪 膾 茴 蛔 誨 賄 劃 獲 宖 橫 彙 徽 揮 暉 煇 諱 輝 麾 僖 凞 喜 噫 囍 姬 嬉 希 憙 憘 戱 晞 曦 熙 熹 熺 犧 禧 稀 羲 化 和 嬅 樺 火 畵 禍 禾 花 華 話 譁 貨 靴 擴 攫 確 碻 穫 丸 喚 奐 宦 幻 患 換 桓 歡 晥 渙 煥 環 紈 還 驩 鰥 活 滑 猾 豁 闊 凰 幌 徨 恍 惶 愰 慌 晃 晄 榥 況 湟 滉 潢 煌 璜 皇 篁 簧 荒 蝗 遑 鐄 隍 黃 喧 暄 煊 萱 卉 喙 毁 雙 氏 亞 俄 兒 啞 娥 峨 我 牙 芽 莪 蛾 衙 訝 阿 雅 餓 鴉 鵝 堊 岳 嶽 幄 惡 愕 握 渥 鄂 鍔 顎 鰐 齷 安 岸 按 晏 案 眼 雁 鞍 顔 鮟 斡 謁 軋 閼 唵 岩 巖 庵 暗 癌 菴 闇 壓 押 狎 鴨 仰 央 怏 昻 殃 秧 鴦 也 倻 冶 夜 惹 揶 椰 爺 耶 野 弱 約 若 葯 蒻 藥 躍 佯 壤 孃 恙 揚 攘 敭 暘 楊 樣 洋 瀁 煬 痒 瘍 禳 穰 羊 襄 讓 釀 陽 養 圄 御 於 漁 瘀 禦 語 馭 魚 齬 億 憶 抑 檍 臆 偃 堰 彦 焉 言 諺 孼 櫱 俺 儼 嚴 奄 掩 淹 嶪 業 予 余 如 歟 汝 璵 礖 與 艅 茹 輿 轝 餘 亦 域 役 易 疫 繹 譯 逆 驛 嚥 堧 姸 娟 宴 延 捐 挻 撚 椽 沇 沿 涎 涓 淵 演 烟 然 煙 燕 燃 硏 硯 筵 緣 縯 衍 軟 鉛 鳶 悅 熱 閱 厭 染 炎 焰 琰 稔 艶 苒 閻 髥 鹽 曄 燁 葉 塋 嶸 影 映 暎 楹 榮 永 泳 渶 潁 濚 瀛 瀯 煐 營 瑛 瑩 瓔 盈 穎 纓 英 詠 迎 鍈 霙 五 伍 俉 傲 午 吾 吳 嗚 塢 墺 奧 娛 寤 悟 懊 敖 旿 晤 梧 汚 澳 烏 熬 獒 筽 蜈 誤 鰲 鼇 屋 沃 獄 玉 鈺 溫 瑥 瘟 穩 縕 蘊 兀 壅 擁 瓮 甕 癰 翁 邕 雍 饔 僥 凹 堯 夭 妖 姚 嶢 拗 搖 撓 擾 曜 橈 燿 瑤 窈 窯 繇 繞 耀 腰 蟯 要 謠 遙 邀 饒 慾 欲 浴 縟 褥 辱 俑 傭 冗 勇 埇 墉 容 庸 慂 榕 涌 湧 溶 熔 瑢 用 甬 聳 茸 蓉 踊 鎔 鏞 于 佑 偶 優 又 友 右 宇 寓 尤 愚 憂 旴 牛 玗 瑀 盂 祐 禑 禹 紆 羽 芋 藕 虞 迂 遇 郵 釪 隅 雨 雩 勖 彧 旭 昱 栯 煜 稶 郁 頊 云 橒 殞 澐 熉 耘 芸 蕓 運 隕 雲 韻 蔚 鬱 熊 雄 乳 侑 儒 兪 唯 喩 孺 宥 幼 幽 庾 悠 惟 愈 愉 揄 攸 有 柔 柚 楡 楢 油 洧 游 濡 猶 猷 瑜 由 癒 維 臾 萸 裕 誘 諛 諭 踰 蹂 遊 逾 遺 酉 釉 鍮 堉 毓 肉 育 允 奫 尹 潤 玧 胤 鈗 閏 聿 戎 瀜 絨 融 垠 恩 慇 殷 誾 銀 隱 乙 吟 淫 蔭 陰 音 飮 揖 泣 邑 凝 應 膺 鷹 二 以 伊 夷 姨 已 弛 彛 怡 爾 珥 異 痍 移 而 耳 肄 苡 荑 貳 貽 邇 飴 餌 瀷 益 翊 翌 翼 謚 人 仁 刃 印 咽 因 姻 寅 引 忍 湮 絪 茵 蚓 認 靭 靷 一 佚 佾 壹 日 溢 逸 鎰 馹 任 壬 妊 姙 恁 荏 賃 入 卄 仍 剩 孕 芿 刈 厓 哀 埃 崖 愛 曖 涯 碍 縊 艾 隘 靄 厄 扼 掖 液 腋 額 櫻 罌 鶯 鸚 円 乂 倪 叡 曳 汭 濊 猊 睿 穢 芮 藝 蘂 裔 詣 譽 豫 銳 隷 霓 預 喂 外 嵬 巍 歪 猥 畏 位 偉 僞 危 圍 委 威 尉 慰 暐 渭 爲 瑋 緯 胃 萎 葦 蔿 蝟 衛 褘 謂 違 韋 魏 依 倚 儀 宜 意 懿 擬 椅 毅 疑 矣 義 艤 薏 蟻 衣 誼 議 醫 娃 渦 瓦 窩 窪 臥 蛙 蝸 訛 婉 完 宛 梡 椀 浣 玩 琓 琬 碗 緩 翫 脘 腕 莞 豌 阮 頑 曰 往 旺 枉 汪 王 元 原 員 圓 園 垣 媛 嫄 寃 怨 愿 援 沅 洹 湲 源 爰 猿 瑗 苑 菀 袁 轅 遠 院 願 鴛 月 越 鉞 倭 矮

丐 个 丱 丶 丿 乢 亅 亙 亟 亠 亳 仂 仆 仞 仭 伜 估 佗 佝 佞 佻 佼 侫 俐 俘 俛 俣 俤 俥 俶 俾 倅 倏 倔 倥 倩 偐 偖 偲 傴 僂 働 僮 僵 儂 儔 儕 儖 儚 儻 兔 冂 冉 冏 冓 冖 冢 冫 冰 冱 冲 冴 凅 凛 凧 凩 凪 凭 凵 刋 刔 刧 刳 剄 剏 剞 剳 剴 劬 劭 劵 劼 勠 勦 勹 匁 匂 匆 匚 匝 匱 匳 匸 卅 卮 卸 卻 厂 厖 厩 厮 厶 叟 叨 叮 叺 吁 吋 听 吭 吮 吽 呀 呆 呎 呟 呰 呶 呷 咄 咋 咢 咥 咼 咾 哂 哇 哘 哢 哦 哩 哽 唏 唔 唳 唸 唹 啀 啌 啗 啜 啝 啻 啾 喃 喋 喞 喟 喨 嗄 嗷 嗹 嘖 嘛 嘸 噂 噌 噎 噛 噤 噪 噬 噸 噺 嚀 嚇 嚊 嚏 嚔 嚠 嚶 囀 囁 囂 囃 囈 囎 囮 囿 圉 圜 圦 圷 圸 坩 坿 垉 垤 垪 垰 垳 埆 埒 埓 埔 埖 埣 堋 堙 堝 塀 塒 塙 塰 墫 墸 墹 壗 壜 壥 壼 夂 夊 夐 夘 夥 夬 夸 奩 妁 妛 妝 妣 妲 姥 姶 娉 娵 婀 婪 婬 媼 媽 媾 嫋 嫐 嫖 嫗 嫣 嫺 嫻 嬬 嬰 嬲 嬶 嬾 孅 孛 孥 孳 宀 它 宾 寉 寥 寰 尠 尢 屁 屐 屓 屡 屮 屶 岌 岔 岨 岶 岻 岼 峅 峇 峪 峭 峺 崋 崘 崚 崛 崟 崢 嵎 嵒 嵳 嵶 嶂 嶐 嶬 嶮 嶷 巉 巓 巵 帚 帷 幃 幎 幔 幗 幵 幺 广 庖 廁 廝 廡 廨 廩 廱 廴 廸 廼 廾 弉 弋 弭 弯 弸 彁 彑 彝 彡 彳 徂 很 徭 徼 忝 忤 忱 忸 怎 怐 怕 怙 怛 怦 怩 怫 怺 恆 恊 恚 恟 恫 恷 悁 悃 悄 悋 悒 悗 悵 惆 惓 惘 惣 惴 惷 愀 愃 愬 慍 慥 慯 慱 慳 慴 慵 憖 懆 懌 懍 懣 懾 戔 戛 戝 戞 戲 戳 扎 扛 扞 扠 扣 扨 找 抂 抃 抓 抔 抖 抻 拊 拑 拵 拶 挂 挈 挌 挧 挨 捍 捗 捜 捩 捫 捶 掀 掎 掏 掟 掣 掫 掬 掴 掵 掾 揃 揉 插 揣 揩 搆 搓 搦 搨 搴 搶 摎 摧 摶 撕 撩 擂 擠 擣 擯 擱 擶 擽 攅 攜 攤 攴 攵 敕 敘 敝 旃 旄 旆 旙 旛 昃 昜 昵 晒 晢 晰 暃 暸 暼 曁 曚 曩 朏 朷 朸 朿 杁 杙 杠 杢 杣 杤 杪 杲 杼 枅 枌 枠 枡 枦 枩 枴 枹 柁 柆 柊 柎 柘 柞 柢 柤 柧 柮 栂 栃 栞 栩 栫 栲 栴 框 桍 桝 档 桴 桷 桾 梃 梍 梛 梠 梺 梼 棆 棊 棔 棡 棣 棯 椈 椋 椌 椏 椙 椚 椛 椡 椢 椣 椥 椦 椨 椪 椴 椶 椹 楜 楝 楪 楴 楾 榁 榊 榎 榑 榔 榠 榱 榲 榾 榿 槇 槊 槎 槓 槙 槝 槞 槧 槫 槭 槲 槹 樅 樋 樌 樒 樔 樛 樢 樫 樮 樶 橇 橦 橲 橸 橿 檐 檠 檪 檬 檮 檸 櫁 櫑 櫞 櫟 櫨 櫪 櫺 欅 欟 欷 欸 欹 歃 歉 歔 歙 歹 殀 殍 殕 殤 殪 殫 殳 毟 毯 毳 气 氛 氤 汢 汳 沍 沱 沺 泅 泙 泝 泱 洒 洟 洫 洳 浤 涸 淌 淒 淕 淤 淦 淬 渕 渝 渮 湎 溂 溏 溘 溲 溷 溽 滕 滬 滷 漉 漓 漾 潦 潯 潴 潸 澀 澂 澆 澡 澪 濆 濔 濘 濛 濮 濺 瀦 瀰 瀲 灯 炮 焜 煕 煢 熈 熕 熨 燗 燠 燬 燵 燹 爍 爨 爿 牋 牴 牾 犂 犇 犒 犖 犹 狃 狆 狒 狛 狠 狢 狷 猗 猯 猴 獎 獏 玻 珈 珱 珸 琲 瑣 瑰 瑳 瓧 瓩 瓰 瓱 瓲 瓸 甃 甅 甌 甍 甎 甓 甜 甼 畉 畋 畚 畤 畩 畭 畷 疔 疚 疣 痃 痊 痞 痳 痾 痿 瘁 瘉 瘋 瘰 瘴 癆 癈 癘 癜 癢 癧 癨 癪 癶 皀 皋 皖 皚 皰 皴 皸 皹 盍 盥 盪 盻 眇 眛 眤 眥 眦 睇 睚 睥 睨 瞎 瞠 瞶 瞹 瞽 矇 矍 矚 矧 矼 砌 砠 硲 硴 碆 碓 碕 碯 碵 碾 磆 磑 磔 磚 磴 磽 礇 礑 礒 礙 礦 祓 祕 祟 祢 禀 禊 禰 禺 秡 秣 秬 稘 穃 窖 窶 窿 竃 竈 竍 竏 竓 竕 竚 竡 竢 竦 竰 笂 笄 笆 笈 笊 笘 笥 笨 笳 筅 筈 筥 筧 筰 筱 筴 箆 箍 箒 箘 箙 箜 箟 篋 篌 篏 篝 篥 篦 篳 篶 篷 簀 簍 簑 簓 簔 簗 簟 簣 簷 簸 籀 籏 籐 籔 籘 籟 籥 籵 籾 粁 粂 粍 粐 粡 粢 粤 粨 粫 粭 粽 糀 糂 糅 糒 糘 糜 糢 糯 糲 糴 糶 糺 紕 紜 紲 紿 絋 絎 絏 絖 絛 絣 絽 綉 綛 綟 綣 綫 綮 綯 綰 緕 緜 緤 緲 縅 縋 縒 縢 縲 縵 縹 縺 縻 繖 繙 繚 繝 繦 繧 繻 繽 繿 纃 纈 纐 纔 罅 罍 罎 网 罘 罟 罠 罧 罨 罩 羂 羃 羆 羇 羝 羣 羯 羶 翦 翳 翻 耄 耋 耒 耙 耜 耡 耨 聒 聢 聶 聹 肓 肘 肚 肬 肭 胖 胙 胝 胯 胼 腆 腓 腟 腮 腴 膂 膃 膓 膕 膤 膩 膰 膸 臉 臑 臙 臚 臠 舁 舂 舐 舘 舮 舳 舸 艘 艚 艝 艟 艢 艨 艪 艫 艷 芫 苅 苓 苙 苜 苣 苫 苳 苴 苹 苺 苻 茆 茖 茘 茜 茣 荅 荐 荵 荼 莅 莇 莓 莚 莟 莠 莨 莵 菎 菘 菟 菠 菷 菻 萇 萋 萓 萠 萢 萪 萵 萼 葆 葎 葩 葭 葮 葷 葹 蒂 蒄 蒟 蒹 蓁 蓊 蓐 蓖 蓙 蓿 蔀 蔆 蔕 蔟 蔦 蕀 蕈 蕊 蕋 蕕 蕗 蕘 蕚 蕷 蕾 薀 薈 薊 薐 薗 薙 薤 薹 藐 藹 藾 蘋 蘢 蘰 虍 虻 蚋 蚪 蚫 蚯 蚰 蚶 蛄 蛆 蛉 蛞 蛩 蛬 蛯 蛸 蛹 蛻 蜆 蜉 蜊 蜍 蜑 蜒 蜥 蜩 蜴 蜷 蜻 蜿 蝋 蝌 蝓 蝙 蝠 蝣 蝪 蝮 螫 螯 螻 螽 蟀 蟆 蟇 蟋 蟐 蟒 蟶 蟷 蠍 蠎 蠑 蠕 蠖 蠡 蠧 蠹 衂 衄 衞 衵 衽 袙 袢 袤 袮 袰 袱 袵 袷 袿 裃 裄 裘 裲 裹 裼 裾 褂 褄 褊 褌 褝 褞 褫 襃 襌 襖 襞 襠 襦 襭 襯 襴 襷 襾 覈 覗 覘 覦 覬 覯 覿 觚 觜 觝 訐 詆 詈 詑 詒 詫 詬 詼 誂 誄 誑 誚 諚 諞 諠 諢 諤 諳 謇 謦 譛 譟 譫 讌 讎 讙 谺 豎 豐 豢 豬 豸 豼 貅 貉 貍 貎 貔 貘 貮 貲 賺 贋 贏 贐 贔 贛 赧 赱 趁 跂 跖 跚 跟 跪 跫 跼 跿 踈 踉 踝 踟 蹌 蹐 蹕 蹣 蹲 蹼 躄 躅 躋 躑 躓 躔 躙 躡 躱 躾 軅 軈 軛 軼 輊 轂 轆 轌 轗 轜 轡 轣 轤 辟 辮 辷 辻 込 辿 迄 迢 迥 迴 迸 迺 逎 逖 逧 逶 遉 遏 遒 遖 遘 遨 遶 郛 郢 郤 鄰 酖 酘 酣 酥 酲 酳 醂 醐 醢 醪 醺 釁 釛 釟 釡 釦 釶 釼 釿 鈔 鈕 鈩 鈷 鉈 鉋 鉐 鉚 鉾 銚 銛 鋩 鋲 鋺 錆 錏 錙 錣 錵 錺 錻 鍄 鍖 鍜 鍠 鍬 鎗 鎹 鏈 鏐 鏖 鏗 鏘 鏝 鏥 鏨 鐃 鐇 鐐 鐓 鐔 鐙 鐚 鐡 鐶 鐺 鑁 鑓 鑠 鑢 鑪 鑰 鑵 鑷 鑼 鑾 钁 閂 閊 閖 閠 閧 閹 閾 闃 闌 闍 闥 阨 阯 陏 陦 陬 陲 隈 隗 隰 隲 隴 隶 隹 隼 雫 霄 霈 霍 霏 霤 霪 霸 霾 靆 靉 靠 靤 靦 靨 靫 靹 靼 鞁 鞄 鞅 鞆 鞐 鞘 鞜 鞣 鞦 鞳 鞴 韃 韭 韮 韲 頏 頡 頤 頷 顋 顏 顰 顱 顳 顴 颪 颶 飩 飫 餒 餔 餝 餡 餤 餬 餮 餽 餾 饂 饐 饕 馗 馘 馼 駘 駛 駮 駲 駸 駻 騅 騨 騾 驂 驤 驫 骭 骰 骼 髀 髏 髑 髞 髟 髢 髣 髦 髫 髭 髱 髴 髷 髻 鬆 鬘 鬟 鬢 鬣 鬥 鬨 鬩 鬮 鬯 鬲 鬻 魍 魎 魑 魘 魴 鮃 鮒 鮓 鮖 鮗 鮠 鮨 鮪 鮭 鮴 鮹 鯀 鯆 鯊 鯏 鯑 鯒 鯔 鯛 鯡 鯢 鯣 鯰 鯱 鯲 鯵 鰄 鰆 鰈 鰉 鰊 鰌 鰓 鰔 鰛 鰡 鰤 鰭 鰮 鰯 鰰 鰹 鰺 鰾 鱆 鱈 鱒 鱚 鱧 鱶 鱸 鳰 鴃 鴆 鴇 鴈 鴒 鴕 鴟 鴣 鴪 鴫 鴾 鴿 鵁 鵄 鵆 鵈 鵐 鵙 鵜 鵞 鵤 鵯 鵺 鶇 鶉 鶚 鶤 鶫 鶲 鶸 鶺 鶻 鷁 鷂 鷆 鷏 鷓 鷙 鷦 鷭 鷯 鷽 鸛 鹸 麁 麈 麋 麌 麑 麕 麩 麪 麭 麸 麼 麿 黌 黏 黐 黝 黠 黥 黯 黶 黷 黹 黻 黼 黽 鼕 鼬 鼾 齏 齔 齠 齣 齦 齲 齶 龠   膑  卐 